cliente_id,nombre,genero,edad,region,fecha_registro
1,"Allison Hill",M,23,Arequipa,2024-04-22
2,"Noah Rhodes",M,60,Chiclayo,2025-03-04
3,"Angie Henderson",F,31,Chiclayo,2024-09-03
4,"Daniel Wagner",M,59,Cusco,2023-10-31
5,"Cristian Santos",M,58,Chiclayo,2023-06-18
6,"Connie Lawrence",M,56,"Lima Metropolitana",2024-08-19
7,"Abigail Shaffer",M,19,"Lima Metropolitana",2024-06-04
8,"Gina Moore",M,21,"Lima Metropolitana",2024-02-04
9,"Gabrielle Davis",F,68,"Lima Metropolitana",2023-08-30
10,"Ryan Munoz",M,39,Chiclayo,2024-01-22
11,"Monica Herrera",M,33,Cusco,2025-02-24
12,"Jamie Arnold",M,26,Arequipa,2024-01-30
13,"Lisa Hensley",M,68,Chiclayo,2024-01-20
14,"Michele Williams",M,54,Trujillo,2023-08-31
15,"Dylan Miller",M,31,Chiclayo,2024-03-20
16,"Brian Ramirez",M,22,"Lima Metropolitana",2023-05-13
17,"Holly Wood",F,66,Trujillo,2023-10-30
18,"Derek Zuniga",M,53,Chiclayo,2024-03-15
19,"Lisa Jackson",F,31,Cusco,2024-04-04
20,"Carla Gray",F,55,Cusco,2023-10-30
21,"Margaret Hawkins DDS",M,31,Trujillo,2023-10-01
22,"Patty Perez",M,70,Arequipa,2025-01-18
23,"Ethan Adams",F,32,Trujillo,2023-11-03
24,"Tommy Walter",F,39,Cusco,2024-06-20
25,"Matthew Foster",F,67,Trujillo,2023-05-26
26,"Judy Baker",M,27,"Lima Metropolitana",2023-08-04
27,"Justin Baker",M,68,"Lima Metropolitana",2024-11-13
28,"Stephanie Ross",F,56,Arequipa,2024-09-30
29,"Zachary Hicks",M,18,Trujillo,2024-09-08
30,"Anthony Rodriguez",M,35,Trujillo,2023-06-23
31,"Rebecca Henderson",F,27,Trujillo,2023-06-14
32,"James Ferrell",M,26,Trujillo,2024-09-08
33,"Tricia Valencia",F,52,Arequipa,2024-01-01
34,"Nathan Maldonado",F,34,Cusco,2024-12-26
35,"Debra Davidson",F,69,Chiclayo,2024-06-02
36,"Jeffrey Chavez",M,29,Arequipa,2024-02-24
37,"Sherri Baker",F,25,Cusco,2024-11-16
38,"Cassandra Gaines",M,60,Cusco,2024-07-10
39,"Elizabeth Fowler",F,19,Cusco,2023-10-02
40,"Brittany Farmer",M,26,Trujillo,2024-06-11
41,"Paula Moreno",F,18,Arequipa,2023-05-26
42,"Fred Smith",F,40,Cusco,2025-01-21
43,"Sherry Decker",M,68,Chiclayo,2024-02-03
44,"Anthony Humphrey",M,68,Chiclayo,2025-01-03
45,"Angelica Tucker",M,33,"Lima Metropolitana",2024-05-18
46,"Philip Cannon",M,55,Cusco,2024-02-28
47,"John Pierce",F,38,Arequipa,2024-05-28
48,"Shane Henderson",M,19,Trujillo,2024-09-23
49,"Joshua Blair",M,29,"Lima Metropolitana",2025-02-10
50,"Eric Carney",M,34,Cusco,2025-04-05
51,"Jessica Holmes",F,21,Trujillo,2024-04-11
52,"Danny Morgan",F,26,Arequipa,2024-06-26
53,"Crystal Robinson",F,65,Arequipa,2025-02-21
54,"Mark Perez",F,44,"Lima Metropolitana",2023-10-09
55,"Shannon Jones",M,51,"Lima Metropolitana",2024-04-12
56,"Michael Lewis",F,25,Cusco,2023-11-27
57,"Timothy Duncan",F,65,Trujillo,2023-06-09
58,"Richard Aguirre",M,22,Chiclayo,2024-02-09
59,"Brent Jordan",F,48,Trujillo,2025-03-10
60,"John Daniel",M,46,Arequipa,2025-01-31
61,"Victoria Garcia",M,67,Arequipa,2024-10-14
62,"Gerald Hensley",M,41,Cusco,2023-05-05
63,"Connor West",M,50,Chiclayo,2024-05-02
64,"Donald Wright",F,55,Cusco,2024-06-25
65,"Jessica Callahan",F,24,Arequipa,2025-03-08
66,"Amber Kidd",F,46,Arequipa,2024-05-14
67,"Tracy House",M,50,Trujillo,2024-12-20
68,"Carol Tucker",F,32,Chiclayo,2024-06-25
69,"James Brown",M,57,Trujillo,2024-09-16
70,"William Baker",M,20,Trujillo,2024-08-02
71,"Jordan Henderson",M,64,Cusco,2023-08-01
72,"Whitney Peters",F,68,Trujillo,2023-07-11
73,"Brittney Phillips",F,60,"Lima Metropolitana",2024-11-17
74,"Lauren Daniels",F,51,"Lima Metropolitana",2024-03-22
75,"Amy Silva",M,37,Trujillo,2023-08-21
76,"Sarah Moore",M,47,Chiclayo,2023-08-16
77,"Angela Lopez",F,59,Trujillo,2023-09-20
78,"Megan Young",M,19,Arequipa,2024-12-26
79,"Steve Sanchez",F,21,Arequipa,2023-09-05
80,"Lisa Barnes",F,48,Chiclayo,2023-07-16
81,"Kelly Donovan",F,43,Cusco,2023-05-12
82,"Mike Allen",M,45,"Lima Metropolitana",2024-03-02
83,"Michael Evans",F,61,"Lima Metropolitana",2023-06-08
84,"Paul Jones",M,24,Cusco,2024-09-20
85,"Zachary Ferrell",M,49,Trujillo,2024-03-12
86,"Daniel Baker",F,63,Chiclayo,2023-09-12
87,"Shirley Suarez",F,46,Trujillo,2025-01-06
88,"Christopher Bass",F,22,Cusco,2024-08-08
89,"Lisa Archer",F,23,Chiclayo,2023-08-01
90,"Aimee Montoya",M,38,"Lima Metropolitana",2025-01-15
91,"Matthew Mcmillan",M,56,"Lima Metropolitana",2024-07-14
92,"Brian Rodriguez",F,27,Trujillo,2023-10-26
93,"Denise Jacobs",M,22,Arequipa,2023-12-13
94,"Christina Walters",M,26,Cusco,2025-03-16
95,"John Whitehead",M,35,Cusco,2024-10-24
96,"Anna Henderson",M,57,Trujillo,2025-03-19
97,"Aaron Wise",M,58,Cusco,2024-12-26
98,"Deborah Figueroa",F,55,"Lima Metropolitana",2023-05-31
99,"Jessica Smith",M,53,Trujillo,2023-06-15
100,"Stephen Mckee",F,63,"Lima Metropolitana",2024-02-04
101,"Sandra Aguilar",F,38,Chiclayo,2024-06-14
102,"Cameron Parker",F,42,Chiclayo,2024-02-11
103,"Rebecca Valencia",F,56,Arequipa,2024-06-10
104,"Christine Wright",M,51,Cusco,2023-12-18
105,"Richard Henson",M,36,Chiclayo,2025-02-02
106,"Marc Moore",F,47,Cusco,2023-11-09
107,"Sharon Cherry",F,50,"Lima Metropolitana",2024-05-16
108,"Sierra Johnson",M,56,Trujillo,2024-03-29
109,"Evelyn Galvan",F,45,Chiclayo,2025-03-21
110,"Sharon Cochran",F,24,Trujillo,2025-02-15
111,"Richard Rodriguez",M,68,Chiclayo,2023-04-18
112,"Shannon Walker",F,62,Cusco,2024-12-09
113,"Julia Torres",M,25,Chiclayo,2024-10-04
114,"Crystal Johnson",F,59,Chiclayo,2024-08-04
115,"Garrett Lin",M,59,"Lima Metropolitana",2024-07-08
116,"Diana May",M,67,Arequipa,2024-05-18
117,"William Herrera",F,53,"Lima Metropolitana",2024-12-06
118,"Ashley Waller",M,64,Trujillo,2024-02-28
119,"Victor Baker",M,31,Cusco,2023-07-05
120,"Jeffrey Chandler",F,45,Cusco,2024-02-24
121,"Larry Dixon",M,46,Chiclayo,2023-08-03
122,"Kenneth Scott",M,32,Cusco,2023-08-02
123,"April Frost",F,44,Arequipa,2024-06-22
124,"Michelle Harmon",F,39,Arequipa,2024-07-08
125,"Helen Jones",M,70,Chiclayo,2024-07-04
126,"Erin Edwards",M,47,Chiclayo,2024-11-18
127,"Michelle Evans",F,43,Trujillo,2025-04-07
128,"Jason Powell",F,44,Chiclayo,2023-06-25
129,"Cameron Fisher",M,64,"Lima Metropolitana",2025-03-27
130,"Megan Orr",M,24,"Lima Metropolitana",2023-06-30
131,"Elizabeth Kelley",M,38,"Lima Metropolitana",2024-06-19
132,"Dustin Jordan",M,45,Arequipa,2024-12-04
133,"Mary Marshall",M,38,Cusco,2023-06-26
134,"Daniel Kennedy",F,60,Trujillo,2024-12-09
135,"Rebecca Jackson",M,34,Chiclayo,2023-11-17
136,"Jose Schultz",M,41,Trujillo,2025-02-10
137,"Robert Potter",M,27,Arequipa,2024-05-29
138,"Courtney Gonzalez",F,61,Chiclayo,2025-02-20
139,"David Alvarez",M,48,Chiclayo,2024-01-01
140,"Angel Perry",F,22,Arequipa,2025-02-18
141,"Cheyenne Horton",F,23,Cusco,2024-02-22
142,"David Douglas Jr.",M,23,Chiclayo,2023-10-31
143,"Patricia Rodriguez",M,23,Cusco,2024-01-31
144,"Christopher Rubio",F,45,Arequipa,2024-08-29
145,"Amber Wright",F,24,Trujillo,2024-04-20
146,"Joyce Solis",F,65,Chiclayo,2024-06-26
147,"Victoria Larson",F,65,Cusco,2024-07-24
148,"Stephanie Salazar",F,41,Chiclayo,2024-04-10
149,"Kathy Rivas",M,69,Cusco,2023-05-08
150,"Stephanie Manning",M,26,Chiclayo,2023-08-20
151,"David Wright",M,53,Chiclayo,2023-11-08
152,"Pamela Boyd",M,21,Chiclayo,2024-02-15
153,"Denise Jones",F,55,Trujillo,2023-07-29
154,"Devon Flores",M,53,Chiclayo,2024-08-01
155,"Brenda Hall",M,53,Cusco,2024-07-24
156,"Michelle Brown",M,39,Trujillo,2024-09-18
157,"Joshua Perry",M,60,"Lima Metropolitana",2024-09-28
158,"Jason Stein",M,25,Cusco,2024-02-15
159,"Melissa Gates",M,44,Cusco,2023-05-09
160,"Jamie Smith",M,40,"Lima Metropolitana",2024-02-10
161,"Paul Castaneda",M,60,Trujillo,2025-02-27
162,"Jennifer Adkins",M,66,Chiclayo,2025-02-19
163,"Lindsey Walker",F,45,Cusco,2023-12-22
164,"Jeffrey Johnson",M,64,"Lima Metropolitana",2024-09-26
165,"Michael Powell",M,21,Chiclayo,2023-10-10
166,"John Anderson",F,36,Trujillo,2023-05-17
167,"Alyssa Long",F,56,Cusco,2024-11-08
168,"Alyssa Day",M,37,Chiclayo,2024-04-12
169,"Joel Williams",M,40,Chiclayo,2025-03-24
170,"Daniel Murphy",F,24,Arequipa,2023-11-03
171,"Jamie Walton",M,54,"Lima Metropolitana",2025-03-05
172,"Darlene Miller",F,50,Chiclayo,2024-01-23
173,"Joshua Cooke",F,31,Trujillo,2023-04-24
174,"Matthew Harrington",M,27,Arequipa,2023-12-27
175,"Nicole Herring",M,60,Chiclayo,2025-01-02
176,"Alex Hernandez",M,48,Chiclayo,2024-12-15
177,"Michael Elliott",F,32,Trujillo,2023-11-30
178,"Michael Wang",F,24,Arequipa,2023-12-06
179,"Lawrence Adkins",F,40,Arequipa,2023-11-12
180,"Robert Oconnell",F,53,"Lima Metropolitana",2025-01-22
181,"Alexander Collins",F,41,Chiclayo,2024-04-24
182,"Tina Sanders",M,25,"Lima Metropolitana",2025-02-03
183,"Angela Vaughn",M,66,Arequipa,2024-09-30
184,"Ashley Barton",M,35,"Lima Metropolitana",2024-09-21
185,"Lindsay Martinez",F,54,Trujillo,2023-06-24
186,"Dr. Hannah Patterson",F,32,Cusco,2025-02-11
187,"Jonathan Peterson",M,69,Trujillo,2023-10-03
188,"Samantha Garcia",M,45,Arequipa,2023-07-22
189,"Madison Poole",M,53,Trujillo,2023-11-28
190,"Jessica Gross",M,67,Arequipa,2024-11-06
191,"Debra Morton",F,70,Trujillo,2024-03-18
192,"Karen Graham",M,57,Chiclayo,2024-11-30
193,"Debra Christian",F,57,Chiclayo,2025-01-09
194,"Angelica Keith",M,61,Trujillo,2023-12-14
195,"John Bishop",F,59,"Lima Metropolitana",2023-11-04
196,"Allen Rosales",F,53,Arequipa,2024-10-26
197,"Daniel Salinas",M,19,Chiclayo,2024-02-26
198,"Spencer Haynes",M,56,Arequipa,2024-07-21
199,"Adam Vaughan",F,60,Chiclayo,2024-08-22
200,"Nathan Freeman",M,62,Cusco,2023-06-17
201,"Melissa Brewer",M,35,Trujillo,2023-09-01
202,"Ricky Davis II",M,19,Chiclayo,2024-03-17
203,"Elizabeth Perkins",M,29,Trujillo,2023-09-20
204,"Joseph Coleman",M,35,Cusco,2025-03-18
205,"Erin Warner",M,62,Arequipa,2025-01-07
206,"David Martinez",F,66,Trujillo,2024-02-19
207,"Bryan Herrera",F,37,Chiclayo,2024-11-04
208,"Cathy Robinson",F,39,Cusco,2024-04-19
209,"Dr. William Warren",M,40,Chiclayo,2024-11-18
210,"Brian Lee",F,18,Cusco,2024-05-14
211,"Christopher Smith",M,29,Cusco,2025-02-10
212,"Denise Mccann",M,27,Chiclayo,2024-01-24
213,"Melissa Martinez",F,54,Trujillo,2025-01-05
214,"Katherine Salas",M,60,Arequipa,2023-05-22
215,"Julie Alexander",F,43,Arequipa,2024-05-13
216,"Anthony Everett",F,22,Cusco,2024-12-13
217,"Rodney Morales",F,27,Chiclayo,2023-08-10
218,"Mark Brown",F,65,Cusco,2023-05-29
219,"Justin Torres",F,58,Arequipa,2023-12-06
220,"Bailey Duran DDS",F,19,Cusco,2024-10-11
221,"Courtney Mills",M,23,Cusco,2024-05-06
222,"Jeremy Dalton",M,65,Arequipa,2024-02-16
223,"Elizabeth Oliver DDS",F,51,Trujillo,2023-07-23
224,"Theresa Clark",M,31,Cusco,2024-12-05
225,"Matthew Moore",M,42,Trujillo,2025-01-29
226,"Benjamin Smith",M,44,Cusco,2024-05-20
227,"Kirk Carter",F,47,Chiclayo,2025-02-19
228,"Michael Warner",M,39,Cusco,2024-06-23
229,"Michael Bradshaw",M,28,Cusco,2023-05-01
230,"Lori Guerrero",F,41,"Lima Metropolitana",2023-08-21
231,"Jessica Stephens",M,37,Chiclayo,2023-09-05
232,"Susan Serrano",M,64,Chiclayo,2025-02-16
233,"Christopher Parker",M,38,Trujillo,2025-01-14
234,"Laura Roberts",M,67,Trujillo,2023-09-11
235,"Michael Lyons",M,54,Cusco,2025-01-18
236,"Kathryn Snyder",M,56,Arequipa,2023-05-23
237,"Andrew Reynolds",M,23,Cusco,2023-10-19
238,"David Davis",F,21,"Lima Metropolitana",2023-05-04
239,"Sara Johnston",M,27,Cusco,2024-03-28
240,"Yvonne Chambers",M,28,"Lima Metropolitana",2023-05-18
241,"Andrew Avila",M,66,Cusco,2025-03-22
242,"Matthew Moon",M,57,Trujillo,2024-01-13
243,"Kevin Walters",F,21,Cusco,2024-10-07
244,"Brandon Bailey MD",F,61,Trujillo,2023-09-10
245,"Shannon Rivera",F,23,Arequipa,2023-11-07
246,"Donna Landry",M,35,Arequipa,2024-01-20
247,"Krista Gibson",F,46,Chiclayo,2025-01-07
248,"Frank Cordova",M,60,Cusco,2024-04-03
249,"Jose Travis",F,45,Chiclayo,2024-05-05
250,"Kimberly Gutierrez",F,49,Cusco,2024-02-11
251,"Isaiah Avila",M,56,Arequipa,2024-08-14
252,"Olivia Harris",F,46,"Lima Metropolitana",2025-03-25
253,"Tanya Kim",F,44,Chiclayo,2023-07-14
254,"Barbara Dudley",F,35,Chiclayo,2024-09-19
255,"Cynthia Moore",M,31,Arequipa,2023-05-02
256,"Kristen Davis",M,66,Arequipa,2023-10-13
257,"Susan Murray MD",F,50,"Lima Metropolitana",2024-01-23
258,"Kathleen Moran",M,25,Chiclayo,2024-04-22
259,"Denise Davenport",M,40,Arequipa,2024-07-13
260,"Mrs. Kristen Reyes",M,45,Arequipa,2024-03-20
261,"Katie Suarez",F,25,"Lima Metropolitana",2023-08-24
262,"Desiree Tyler",M,36,"Lima Metropolitana",2025-02-13
263,"Timothy Romero",F,61,Trujillo,2024-04-11
264,"Diane Evans",M,61,Cusco,2024-07-07
265,"Yvonne Burns",M,55,Trujillo,2024-06-10
266,"Joshua Reed",F,49,"Lima Metropolitana",2024-01-05
267,"Kimberly Gibson",F,51,Arequipa,2024-01-01
268,"Colin Terry",M,60,"Lima Metropolitana",2023-08-14
269,"Cynthia Rowe",F,37,Chiclayo,2025-01-18
270,"Patrick Thornton",F,20,Arequipa,2025-03-03
271,"Jasmin Alvarado",M,32,Trujillo,2023-10-26
272,"Veronica Simpson",F,43,Trujillo,2024-11-10
273,"Jonathan Lawrence",M,56,Trujillo,2025-01-13
274,"Shelly Alexander",M,21,Arequipa,2024-09-25
275,"Joyce Bowen",F,18,Cusco,2023-06-18
276,"Matthew Moore",M,31,Cusco,2023-11-16
277,"Wayne Morgan",M,37,Cusco,2023-04-30
278,"Marie Christian",M,31,"Lima Metropolitana",2024-02-03
279,"Shannon James",F,67,"Lima Metropolitana",2023-05-17
280,"Nathan Malone",F,26,Chiclayo,2023-08-13
281,"Amanda Jones",M,66,Arequipa,2025-01-31
282,"Tammie Bright",F,34,Chiclayo,2024-06-26
283,"Jessica Garcia",M,36,"Lima Metropolitana",2024-12-04
284,"Shelia Wallace",F,38,Arequipa,2023-09-22
285,"Stephanie Williams",F,25,Trujillo,2025-02-02
286,"Elaine Brooks",F,18,Arequipa,2023-09-27
287,"Joseph Knight",M,49,"Lima Metropolitana",2024-08-23
288,"Carolyn Miller",M,65,Trujillo,2023-09-30
289,"Lisa Allen",F,45,Trujillo,2024-09-16
290,"Briana Murray",F,29,Arequipa,2023-09-16
291,"David Smith",M,26,Cusco,2023-11-04
292,"Stephanie Byrd",M,42,"Lima Metropolitana",2024-08-27
293,"Jeremy Reed",F,52,"Lima Metropolitana",2024-02-21
294,"Margaret Coleman",M,63,Cusco,2024-05-11
295,"Ryan Gonzalez",F,32,Chiclayo,2023-04-24
296,"John Young",M,50,Chiclayo,2025-02-08
297,"Laura Haney",F,53,"Lima Metropolitana",2024-12-05
298,"William Barrett",F,60,Cusco,2024-11-25
299,"Keith Jennings",M,69,Cusco,2024-09-19
300,"Amber Obrien",M,40,Trujillo,2023-04-15
301,"Tanner Mitchell DDS",M,22,Chiclayo,2024-04-11
302,"Heather Fields",M,43,Chiclayo,2025-03-16
303,"Megan Le",M,65,Trujillo,2023-07-20
304,"Sara Fuller",F,20,Arequipa,2024-08-23
305,"Maria Parker",M,45,Chiclayo,2023-08-21
306,"Kevin Oconnor",F,19,Trujillo,2024-07-18
307,"Edward Burgess",M,47,Cusco,2024-12-21
308,"Carlos Ryan",M,22,Arequipa,2023-04-15
309,"Kiara Mcintyre",F,38,"Lima Metropolitana",2023-09-29
310,"Dawn Summers",F,54,Cusco,2023-10-22
311,"Dr. Paul Morgan",M,45,Arequipa,2024-07-24
312,"Victor Taylor",F,54,Trujillo,2024-12-24
313,"Shannon Ramsey",M,43,Cusco,2023-12-02
314,"Tracy Ballard",M,63,Arequipa,2024-10-13
315,"Richard Smith",M,58,"Lima Metropolitana",2024-10-10
316,"Jordan Chambers",F,44,Cusco,2024-08-20
317,"Lauren Carson",F,36,Cusco,2023-11-08
318,"Ashley Hall",M,25,Chiclayo,2024-03-03
319,"Stephen Hoffman",M,43,Arequipa,2025-03-04
320,"Connie Brown",M,19,Arequipa,2024-01-26
321,"Susan Turner",M,38,Chiclayo,2025-01-29
322,"Charles Shah",F,28,Trujillo,2024-01-04
323,"Johnathan Davis",M,69,Trujillo,2024-03-30
324,"Brandy Chavez",M,57,Chiclayo,2023-10-21
325,"Natalie Bautista",F,47,Cusco,2023-09-25
326,"Patrick Moore",F,62,"Lima Metropolitana",2024-04-05
327,"Brett Burns",M,41,Trujillo,2023-11-29
328,"Trevor Johnson",F,23,"Lima Metropolitana",2024-09-15
329,"Jeremy Sampson",M,45,Arequipa,2024-05-17
330,"Ariana Jennings",M,24,Arequipa,2025-01-08
331,"Vanessa Howard",F,33,Trujillo,2024-08-05
332,"Colton Martinez",M,45,Cusco,2024-02-11
333,"Jordan Bates",F,55,Arequipa,2024-07-05
334,"Linda Smith",M,43,"Lima Metropolitana",2023-06-27
335,"Dana Martinez",M,51,Cusco,2023-04-14
336,"Andrea Hubbard",F,23,Trujillo,2024-05-10
337,"Daniel Kane",F,43,Arequipa,2024-09-04
338,"Charles Lester",F,37,Trujillo,2025-01-22
339,"Scott Thomas",M,65,Cusco,2025-01-19
340,"David Thompson",M,39,Cusco,2024-01-24
341,"Allison Smith",M,32,Cusco,2024-06-18
342,"Cynthia Morris",M,39,Chiclayo,2024-08-23
343,"Anthony Harmon",F,67,Chiclayo,2024-07-13
344,"Nichole Alvarez",F,28,"Lima Metropolitana",2024-07-25
345,"Kayla Rodriguez",F,22,Cusco,2023-11-14
346,"Theresa Williams",M,50,Cusco,2023-11-26
347,"Sharon Boyd",F,58,Arequipa,2024-09-21
348,"Victor Brown",F,25,"Lima Metropolitana",2023-07-01
349,"James Parks",F,51,"Lima Metropolitana",2024-04-17
350,"Theodore Jones Jr.",F,50,Trujillo,2023-05-28
351,"Ana Hill",M,30,Cusco,2023-12-26
352,"Kimberly Nguyen",M,67,Arequipa,2023-11-09
353,"Kerry Chavez DDS",F,40,Trujillo,2024-08-18
354,"Michael Farrell",M,40,Chiclayo,2023-12-17
355,"Patricia Le",F,64,Cusco,2025-02-06
356,"Jesse Perez",M,70,"Lima Metropolitana",2023-11-10
357,"Jesse Perry",M,59,Cusco,2023-10-28
358,"Jeffery Ortega",F,70,Cusco,2024-08-30
359,"Christian Leblanc",F,27,Chiclayo,2024-10-12
360,"Ronald Davis",F,33,Arequipa,2025-03-02
361,"Parker Cain",F,24,Arequipa,2024-08-27
362,"Laurie Hoffman",M,27,Arequipa,2023-11-27
363,"Bryan Gomez",F,34,Trujillo,2023-09-02
364,"Nicole Parrish",M,30,Arequipa,2023-08-03
365,"Tracy Burke",F,29,Trujillo,2024-05-14
366,"Kenneth Lewis",M,56,Chiclayo,2024-11-23
367,"Courtney Rodriguez",F,27,Cusco,2023-10-12
368,"Holly Farmer",M,66,Trujillo,2025-03-07
369,"Renee Bruce",M,66,Chiclayo,2023-05-23
370,"Sabrina Austin",F,59,Trujillo,2024-12-24
371,"Allison Hickman",F,22,Chiclayo,2025-02-02
372,"Debra White",M,29,Arequipa,2024-12-22
373,"Ellen Morgan",F,67,Arequipa,2024-12-28
374,"Sergio Knight",F,58,Chiclayo,2024-07-18
375,"Charles Schultz",M,49,"Lima Metropolitana",2024-02-16
376,"Paul Lewis",F,47,Chiclayo,2024-09-03
377,"Glen Wood",F,66,Trujillo,2023-12-13
378,"Paula Bradley",F,54,Chiclayo,2024-09-18
379,"Anthony Moore",F,66,Cusco,2023-07-26
380,"Megan Nelson",F,55,"Lima Metropolitana",2024-10-20
381,"Karla Ramos",F,46,Chiclayo,2023-04-28
382,"Paul Wilson",M,61,"Lima Metropolitana",2024-08-30
383,"Douglas Gregory",M,54,"Lima Metropolitana",2024-04-29
384,"Mr. Andrew Foster",F,59,Chiclayo,2023-11-24
385,"Aimee Turner",F,58,Chiclayo,2023-10-27
386,"Chad Scott",M,57,Arequipa,2025-03-13
387,"Adam Burgess",F,38,Chiclayo,2024-02-28
388,"James Padilla",F,58,Chiclayo,2024-02-17
389,"Sandra Drake",M,38,Arequipa,2024-02-04
390,"Scott Williams",F,27,Arequipa,2024-11-01
391,"Thomas Atkins",F,46,Cusco,2023-05-06
392,"Laura Mckinney",M,22,Chiclayo,2024-07-04
393,"Brian Smith",F,48,Trujillo,2024-10-09
394,"Robert Montgomery",F,46,"Lima Metropolitana",2024-06-26
395,"Tamara Davis",F,58,Arequipa,2025-01-01
396,"Dana Chapman",F,37,Chiclayo,2023-09-03
397,"Jennifer Collins",F,68,Trujillo,2023-12-31
398,"Gary Jackson",M,35,"Lima Metropolitana",2024-10-24
399,"Ashley Hicks",F,55,Chiclayo,2024-10-14
400,"Hannah Luna",M,21,Trujillo,2023-09-28
401,"Robin Young",M,40,"Lima Metropolitana",2024-09-23
402,"Craig Morrison",F,50,Trujillo,2024-05-28
403,"Mary Thompson",F,22,Arequipa,2024-08-16
404,"Kathleen Webster",M,37,Chiclayo,2024-12-08
405,"Joann Glass",M,47,Trujillo,2024-04-12
406,"Madison Weber",F,46,Trujillo,2025-03-13
407,"Lori Hernandez",M,20,Chiclayo,2025-04-08
408,"Jeremy Turner",M,21,"Lima Metropolitana",2024-09-11
409,"Anthony Romero",M,41,Chiclayo,2024-01-12
410,"Jesse Brown",M,36,Trujillo,2024-05-07
411,"Angela Lin",M,22,Cusco,2023-11-28
412,"Lisa Hunter",M,59,"Lima Metropolitana",2025-01-24
413,"Julian Conner",F,23,Trujillo,2023-08-19
414,"Joanna Pacheco",M,57,Cusco,2025-01-20
415,"Erica Alvarez",F,56,"Lima Metropolitana",2024-08-31
416,"Antonio Garcia",F,50,Arequipa,2025-02-17
417,"Gwendolyn Klein",M,42,Chiclayo,2024-06-15
418,"Carrie Wright",F,47,"Lima Metropolitana",2023-08-27
419,"Jeffrey Mills",F,55,"Lima Metropolitana",2023-11-23
420,"Jake Campbell",F,53,Trujillo,2023-06-23
421,"George Harper",M,68,Cusco,2024-04-08
422,"Maria Jones",M,65,"Lima Metropolitana",2023-07-17
423,"Michael Mitchell",M,20,Chiclayo,2024-11-04
424,"Mary Escobar",M,46,"Lima Metropolitana",2023-10-26
425,"Felicia Aguilar",F,69,"Lima Metropolitana",2024-10-23
426,"Gregory Ponce",M,54,Trujillo,2024-12-26
427,"Jenna Larson",M,59,"Lima Metropolitana",2024-06-16
428,"Emily Bennett",F,30,Cusco,2024-11-21
429,"Robin Santiago",M,38,Trujillo,2025-03-17
430,"Nancy Jennings",M,56,Arequipa,2023-08-29
431,"Maria Henderson",M,48,Arequipa,2024-09-17
432,"Jack White",F,50,Trujillo,2025-03-07
433,"Travis Tucker",M,27,Cusco,2023-12-25
434,"Chad Jones",F,21,Trujillo,2024-08-29
435,"Ashley Wise",F,46,Trujillo,2023-06-17
436,"Sophia Johnson",F,24,Trujillo,2023-09-28
437,"Ralph Anderson",F,69,Trujillo,2024-01-09
438,"Christopher Guerra",F,39,"Lima Metropolitana",2023-09-29
439,"Rhonda Martin",M,63,Chiclayo,2024-11-07
440,"Jason Rhodes",F,23,Arequipa,2025-02-13
441,"Jeremy Mitchell",F,50,Cusco,2023-12-03
442,"Joann Ferguson",F,59,"Lima Metropolitana",2024-02-29
443,"Robert Harrison",M,29,Arequipa,2024-12-11
444,"Holly Valentine",F,20,Chiclayo,2025-02-25
445,"Mrs. Diane Reyes",F,33,Trujillo,2023-12-22
446,"Tracy Montoya",M,63,Chiclayo,2024-01-22
447,"Brenda Wright",F,46,Arequipa,2023-10-28
448,"Shelly Spencer",F,46,Arequipa,2024-07-06
449,"Ryan Rosales",M,51,"Lima Metropolitana",2023-11-23
450,"Phillip Nelson",F,51,"Lima Metropolitana",2024-04-03
451,"Brittany Kim",M,57,Cusco,2025-01-29
452,"Courtney Hayes",F,28,Trujillo,2023-07-09
453,"Alexander Brown",F,41,Chiclayo,2024-04-08
454,"Cynthia Vang",F,41,Trujillo,2023-05-20
455,"Alfred Galvan",M,36,Chiclayo,2025-02-09
456,"Marie Moody",M,42,Trujillo,2024-08-13
457,"Dustin Gallegos",M,44,Arequipa,2024-07-05
458,"Brenda Thornton",M,67,Arequipa,2024-07-02
459,"Aaron Miller",F,39,Trujillo,2024-08-03
460,"Ruben Dunn",M,61,Cusco,2023-06-03
461,"Kelsey Rodriguez",M,56,Arequipa,2024-04-09
462,"Eric Williams",M,21,Cusco,2025-02-27
463,"Riley Bryant",F,68,Arequipa,2023-09-07
464,"Taylor Carlson",F,58,"Lima Metropolitana",2024-05-01
465,"Jose Allen",F,59,"Lima Metropolitana",2023-07-11
466,"Jeffrey Mendez",F,39,Trujillo,2025-02-10
467,"Jason Beck",F,22,Chiclayo,2024-09-18
468,"William Jones",M,39,"Lima Metropolitana",2024-01-30
469,"Katie Mcneil",M,24,Arequipa,2024-05-24
470,"Jeanette Harrison",F,53,Arequipa,2023-11-26
471,"Veronica King",F,61,"Lima Metropolitana",2024-02-23
472,"Richard Cooper",M,42,"Lima Metropolitana",2023-05-20
473,"Lori Ingram",F,36,Chiclayo,2025-02-13
474,"Evelyn Williams",F,34,"Lima Metropolitana",2025-01-31
475,"Robin Thompson",M,64,Trujillo,2023-08-04
476,"Julie Dominguez",F,60,Chiclayo,2023-07-24
477,"Robin Brown",F,56,"Lima Metropolitana",2023-09-11
478,"Judith Carter",F,27,Arequipa,2023-12-31
479,"Curtis Williams",F,39,"Lima Metropolitana",2024-02-20
480,"Kaylee Hays",M,23,Trujillo,2024-06-24
481,"Dawn Mullins",F,55,Trujillo,2025-03-02
482,"Howard Norman",M,60,Arequipa,2025-03-13
483,"Evelyn Martinez",F,27,Chiclayo,2024-03-29
484,"Steve Paul",F,40,Arequipa,2023-07-29
485,"Jasmine Beltran",F,37,"Lima Metropolitana",2023-12-10
486,"Jonathan Glass MD",M,59,Arequipa,2025-02-06
487,"Monica Miller",F,62,Chiclayo,2024-10-15
488,"Samantha Gardner",F,60,Cusco,2023-08-27
489,"Bobby Guerrero",F,43,Arequipa,2024-12-04
490,"Lance Simmons",M,26,Chiclayo,2023-06-10
491,"Heather Williams",F,56,Cusco,2024-04-21
492,"Heather Bolton",M,63,Chiclayo,2023-12-23
493,"William Gould",M,23,Chiclayo,2024-08-11
494,"Mark Cox",F,37,Cusco,2023-08-24
495,"Meghan Cisneros",M,53,Arequipa,2023-12-08
496,"Lawrence Harrington",M,42,Cusco,2024-08-13
497,"Austin Osborne",F,59,Arequipa,2023-05-24
498,"James Bradley",M,68,Chiclayo,2023-04-12
499,"Meghan Rush",F,39,Arequipa,2024-03-25
500,"Phillip Berry",M,70,Trujillo,2023-11-07
501,"Jennifer Banks",M,26,Cusco,2023-09-18
502,"Brian Fitzgerald",F,60,Cusco,2024-11-20
503,"Mr. Justin Green III",F,62,"Lima Metropolitana",2024-11-29
504,"Zachary Mitchell",F,65,Chiclayo,2023-08-17
505,"Katherine Martinez",M,61,Chiclayo,2024-06-29
506,"Jodi Roach",F,51,Arequipa,2024-11-22
507,"Brandon Fleming",F,23,Trujillo,2023-08-10
508,"Emma Reed",F,59,Chiclayo,2024-04-23
509,"Joshua Vance",F,60,Trujillo,2024-12-08
510,"Michelle Ho",F,45,"Lima Metropolitana",2024-11-22
511,"Rebecca Hicks",F,50,Cusco,2024-12-04
512,"Curtis Taylor",F,41,Trujillo,2023-06-16
513,"Allison Spencer",M,19,Chiclayo,2023-07-18
514,"Robert Arnold",F,41,Cusco,2024-07-29
515,"Angelica Parker",M,37,Trujillo,2024-03-10
516,"Dr. Kelly Hammond DVM",M,29,Trujillo,2024-08-13
517,"William Day",F,31,Arequipa,2024-03-07
518,"Michael Cooper",M,39,Cusco,2024-02-16
519,"Penny Bowman",M,67,Trujillo,2024-03-07
520,"Vincent Reynolds",M,49,Arequipa,2024-04-13
521,"Amy Martinez",M,30,Chiclayo,2024-01-31
522,"Christopher Morris",M,32,Trujillo,2023-04-12
523,"Hannah Everett",M,26,Arequipa,2023-05-08
524,"Sarah King",M,27,Arequipa,2024-05-27
525,"Krista Martinez",M,22,Cusco,2023-09-10
526,"Joseph Shaw",M,36,Arequipa,2024-10-27
527,"Todd Moore",M,68,Trujillo,2024-01-23
528,"Michelle Jacobs",F,24,"Lima Metropolitana",2023-04-19
529,"Kristy Bryan",M,50,Chiclayo,2025-03-01
530,"Angel May",M,67,Trujillo,2023-12-15
531,"Marilyn Wang",F,52,Trujillo,2024-11-16
532,"Mark Jimenez",F,65,Chiclayo,2025-01-15
533,"Donna Frye",F,51,Chiclayo,2024-05-25
534,"Dr. Michael Evans",M,20,Arequipa,2023-09-04
535,"Anthony Gonzales",M,60,Trujillo,2023-04-22
536,"Mr. Lawrence Edwards",M,39,Arequipa,2024-09-15
537,"Morgan Valencia",F,67,Cusco,2023-04-12
538,"Bianca Wood",M,57,Arequipa,2024-08-07
539,"Emma Owens",M,26,Cusco,2024-10-29
540,"David Davis",F,56,"Lima Metropolitana",2023-10-19
541,"James Gilbert",F,42,Trujillo,2023-10-01
542,"Sean Moore",F,27,Cusco,2024-09-28
543,"Kenneth Edwards",M,28,"Lima Metropolitana",2025-02-18
544,"Kathleen Robertson",M,29,Chiclayo,2024-01-01
545,"Mr. Alexander Landry MD",M,62,Arequipa,2023-12-07
546,"Cindy Gomez",M,67,"Lima Metropolitana",2023-07-18
547,"Johnny Khan",F,57,Cusco,2023-06-27
548,"Julie Herrera",M,69,Trujillo,2024-01-31
549,"Jessica Khan",M,28,Chiclayo,2024-05-03
550,"Pamela Diaz",F,64,Chiclayo,2024-07-09
551,"Kelly Lee",F,46,"Lima Metropolitana",2023-12-02
552,"Angel Gordon",F,20,"Lima Metropolitana",2023-08-16
553,"Diana Hays",M,44,Arequipa,2023-05-29
554,"Barbara Hester",F,41,Chiclayo,2025-01-07
555,"Robert Morgan",M,61,Chiclayo,2023-05-14
556,"Nicole Gonzalez",F,64,Arequipa,2023-11-26
557,"Kathryn Williams",F,33,Trujillo,2023-11-20
558,"Gary Wells",M,46,Arequipa,2024-03-28
559,"Larry Robertson",F,57,Cusco,2024-10-25
560,"Louis Martin",F,36,Cusco,2024-05-17
561,"Nancy Evans MD",F,66,"Lima Metropolitana",2024-07-15
562,"Kim Erickson",M,65,Arequipa,2024-05-20
563,"Robert Richardson",F,68,Arequipa,2023-12-27
564,"Veronica Silva",M,46,"Lima Metropolitana",2024-03-10
565,"Molly Watts",F,32,Trujillo,2025-02-26
566,"John Coffey",F,52,Arequipa,2024-09-23
567,"Paula Lane",F,33,Chiclayo,2023-07-21
568,"Lauren Jackson",F,37,Arequipa,2023-12-31
569,"Lisa Randall",F,69,Trujillo,2025-03-09
570,"Michael Johnson",F,68,Arequipa,2024-04-23
571,"Ashley Smith",M,48,Chiclayo,2024-01-13
572,"Christian Vaughn",M,30,Cusco,2024-11-11
573,"Reginald Knapp",F,41,Cusco,2023-09-02
574,"Nancy Brown",F,61,Trujillo,2023-08-15
575,"Daniel Nguyen",M,54,Trujillo,2025-03-13
576,"Kelly Edwards",F,46,Chiclayo,2025-03-22
577,"Thomas Peterson",F,47,Cusco,2024-12-29
578,"Raymond Le",F,67,Cusco,2024-02-16
579,"Melissa Bishop",M,36,Cusco,2023-04-23
580,"David Grant",F,67,Cusco,2023-10-03
581,"William Evans",F,42,Chiclayo,2023-09-30
582,"Daniel Bush",M,50,Trujillo,2024-10-24
583,"Gregory Peck",F,51,Trujillo,2023-07-19
584,"Denise Martinez",M,44,"Lima Metropolitana",2023-09-20
585,"Jamie Baird",F,28,Trujillo,2024-10-30
586,"Tina Ballard",F,70,Cusco,2023-04-26
587,"Dwayne Klein",F,30,Arequipa,2024-07-10
588,"Jeremy Scott",F,69,Cusco,2024-05-04
589,"Dale Ryan",F,56,Cusco,2023-08-18
590,"Melissa Taylor",M,26,Trujillo,2023-07-13
591,"Laurie Sanchez",M,34,"Lima Metropolitana",2024-01-18
592,"Kiara Little",M,21,Chiclayo,2024-10-12
593,"Jason Love",M,59,Arequipa,2024-08-26
594,"Randy Smith",F,48,Arequipa,2024-12-14
595,"Tanya Russell",F,41,"Lima Metropolitana",2023-05-08
596,"Sherry Woods",M,53,Cusco,2024-01-25
597,"Victor Morris",F,24,Chiclayo,2025-02-17
598,"Susan Davis",F,63,Chiclayo,2024-08-18
599,"Kimberly Sharp",F,51,Chiclayo,2023-10-24
600,"Susan Thompson",M,25,Trujillo,2024-11-28
601,"Casey Gillespie",M,36,Cusco,2024-05-28
602,"Jennifer Simpson DVM",F,23,Arequipa,2024-08-05
603,"Tammy Mcdowell",M,66,Arequipa,2023-05-16
604,"Keith Rodriguez",F,28,Cusco,2024-07-13
605,"Mrs. Virginia Daniels",M,35,Arequipa,2023-05-16
606,"Todd Rosales MD",F,46,Trujillo,2024-09-04
607,"Brian Martin",F,50,Chiclayo,2023-07-01
608,"David Lopez",F,27,Arequipa,2024-08-28
609,"Rachel Bradley",F,45,Trujillo,2025-01-17
610,"Casey Chase",F,23,Chiclayo,2023-04-24
611,"Samantha Robertson",F,32,Cusco,2023-05-16
612,"Michael Lopez",F,70,Cusco,2024-09-25
613,"Franklin Wright",F,46,Trujillo,2023-07-07
614,"David Molina",F,40,Trujillo,2024-02-26
615,"Elizabeth Sharp",F,19,Trujillo,2024-03-19
616,"Matthew Schwartz",F,44,Arequipa,2024-01-29
617,"Bryan Parker",M,21,Cusco,2023-07-13
618,"Jonathan Jacobson",M,43,Arequipa,2024-06-07
619,"Emily Wilson",M,50,Arequipa,2023-10-22
620,"Elizabeth Mendez",F,41,Chiclayo,2024-04-11
621,"Casey Hernandez",M,33,Trujillo,2024-10-05
622,"Lisa Perry",M,42,Arequipa,2023-08-05
623,"Kaitlin Medina",M,23,Chiclayo,2023-09-15
624,"Colleen Wright",M,41,"Lima Metropolitana",2024-09-29
625,"Shelley Miller",F,32,Chiclayo,2024-09-22
626,"Michael Miller",F,19,"Lima Metropolitana",2024-08-10
627,"Amy Kelley",F,38,"Lima Metropolitana",2023-04-16
628,"Laura Hernandez",M,24,"Lima Metropolitana",2023-11-28
629,"Joseph Wilson",M,63,"Lima Metropolitana",2024-02-29
630,"Kevin Davis",F,59,Trujillo,2024-09-03
631,"Rhonda Chavez",M,39,Arequipa,2023-06-26
632,"Joyce Brown",F,68,Arequipa,2024-09-04
633,"Robert Cummings",M,27,"Lima Metropolitana",2024-05-17
634,"Robert Reese",F,26,Arequipa,2023-11-04
635,"Amber Cooper",M,20,"Lima Metropolitana",2024-08-04
636,"Zachary Michael",M,36,Arequipa,2024-07-22
637,"Timothy Johnson",F,48,Chiclayo,2024-10-04
638,"Randy Cannon",M,62,Trujillo,2023-07-24
639,"Maria Fisher",M,26,Cusco,2024-02-28
640,"Janet Kane DVM",F,66,"Lima Metropolitana",2025-01-13
641,"Michael Stanley",M,63,Chiclayo,2025-03-06
642,"Martha Bailey",F,48,Chiclayo,2023-06-29
643,"Joshua Rice",M,46,Trujillo,2024-05-10
644,"Courtney Smith",M,57,Trujillo,2024-10-18
645,"Edwin Nunez",F,18,"Lima Metropolitana",2024-07-31
646,"Kim Morrow",F,23,"Lima Metropolitana",2023-07-09
647,"Gregory Hill",F,19,Chiclayo,2023-11-14
648,"Molly Rodriguez",F,34,Chiclayo,2023-07-06
649,"Jennifer Miranda",F,31,Trujillo,2024-12-08
650,"Alexis Harris",M,27,"Lima Metropolitana",2023-06-30
651,"Andrew Harper",M,53,"Lima Metropolitana",2024-04-29
652,"Amber Yang",F,64,Chiclayo,2023-09-10
653,"David Robinson",F,56,Cusco,2024-07-25
654,"Amy Gordon",M,51,Chiclayo,2023-09-11
655,"Robert Dennis",M,45,Cusco,2024-12-03
656,"Kyle Chambers",F,25,"Lima Metropolitana",2023-10-30
657,"Eric Thomas",F,67,Chiclayo,2025-01-13
658,"Connie Turner",M,36,Trujillo,2024-05-19
659,"Travis Hobbs",M,33,Arequipa,2023-09-12
660,"Lori Simmons",M,37,"Lima Metropolitana",2024-01-12
661,"William David DDS",M,25,"Lima Metropolitana",2024-10-06
662,"Emma Butler",F,21,Chiclayo,2024-02-21
663,"James Webster",M,33,Arequipa,2023-11-24
664,"Samuel Turner",M,44,Arequipa,2023-08-11
665,"Renee Melendez",M,58,Arequipa,2023-05-09
666,"Tracy Grant",F,68,Chiclayo,2024-06-07
667,"David Harris",M,57,Chiclayo,2024-04-28
668,"Tammy Boone",F,47,Cusco,2025-03-16
669,"Nathaniel Lee",F,22,Cusco,2023-09-17
670,"Michael Morrison",F,25,Cusco,2024-09-24
671,"Chelsea Gill",F,49,Trujillo,2025-04-02
672,"Kristin Mendoza",F,56,"Lima Metropolitana",2024-04-16
673,"Felicia Krueger",F,52,Cusco,2023-12-21
674,"Timothy Hayden",M,19,Trujillo,2023-10-08
675,"Zachary Mendoza",M,58,Trujillo,2023-04-11
676,"Larry Harris",M,50,Chiclayo,2023-04-18
677,"Kristen Rowe",M,54,Arequipa,2024-09-11
678,"Joseph Howard",F,33,Arequipa,2023-06-17
679,"Jose Crawford",M,63,Cusco,2025-03-13
680,"William Harrison",M,27,"Lima Metropolitana",2023-07-03
681,"Suzanne Wood",M,36,"Lima Metropolitana",2025-01-16
682,"Justin Walker",M,45,"Lima Metropolitana",2024-06-27
683,"Dean Donovan",M,18,Trujillo,2024-09-09
684,"Jennifer Hernandez",M,57,Trujillo,2024-04-26
685,"James Whitaker",M,40,Trujillo,2023-08-02
686,"Mr. Michael Scott PhD",F,33,Chiclayo,2023-06-17
687,"Maria Henry",F,54,Trujillo,2024-12-04
688,"Robert Jackson",F,44,"Lima Metropolitana",2024-05-10
689,"Katherine Stark",F,29,"Lima Metropolitana",2023-06-06
690,"Maria Brown",M,60,Arequipa,2024-10-22
691,"Ryan Landry",M,60,"Lima Metropolitana",2024-10-22
692,"Pamela Gutierrez",F,23,Trujillo,2023-06-26
693,"Crystal Mann",F,51,Trujillo,2025-03-11
694,"Jonathan Brooks",F,41,Cusco,2023-10-24
695,"Mary Jensen",M,22,Chiclayo,2024-08-21
696,"Mr. Aaron Arnold",M,51,"Lima Metropolitana",2023-10-05
697,"Joseph Hill",F,52,Chiclayo,2024-03-28
698,"Alicia Li",M,50,"Lima Metropolitana",2023-11-24
699,"Renee Browning",F,68,Arequipa,2023-10-31
700,"Brent Hernandez",M,50,Arequipa,2024-04-03
701,"Joseph Ochoa",M,53,Chiclayo,2023-05-17
702,"James Watson",M,19,Trujillo,2023-06-25
703,"Karl Branch",F,42,Cusco,2024-12-30
704,"Michael Abbott",M,48,"Lima Metropolitana",2023-08-22
705,"Shannon Malone",M,20,"Lima Metropolitana",2025-02-15
706,"James Tran",M,58,Cusco,2023-05-09
707,"Adam Jackson",M,42,Chiclayo,2025-01-29
708,"Mr. Richard Knight PhD",F,41,Chiclayo,2023-11-20
709,"Joseph Williams",F,34,"Lima Metropolitana",2024-01-13
710,"Sean Clay",F,65,Arequipa,2024-12-21
711,"Anthony Jones",M,19,Cusco,2024-09-15
712,"Stephanie Elliott",F,40,"Lima Metropolitana",2023-12-07
713,"Timothy Edwards",F,68,Arequipa,2024-03-04
714,"Laurie Goodwin",F,22,Chiclayo,2024-11-02
715,"Jennifer Jones",F,40,Arequipa,2023-07-08
716,"David Davenport",F,33,Trujillo,2023-06-21
717,"Steven Rivera",F,64,"Lima Metropolitana",2025-01-29
718,"Brenda Hinton",M,60,Cusco,2024-11-17
719,"Kathryn Mccann",M,58,Arequipa,2025-02-28
720,"Jeffrey Roberson",F,24,Chiclayo,2023-05-14
721,"Randy Friedman",F,67,Arequipa,2023-04-16
722,"Raymond Johnson",F,55,Chiclayo,2025-01-29
723,"Willie Henry",M,65,Trujillo,2023-07-25
724,"Todd Reynolds",M,66,Chiclayo,2024-09-05
725,"Mary Miller",M,39,Cusco,2024-08-23
726,"Rebecca Marquez",M,26,Trujillo,2023-08-19
727,"Christian Dawson",F,20,Arequipa,2023-12-20
728,"Nancy Stewart",M,40,"Lima Metropolitana",2024-01-11
729,"Aaron Parker",M,52,Chiclayo,2025-03-03
730,"Derrick Anderson",F,39,Cusco,2024-03-13
731,"Jerry Peters",F,70,"Lima Metropolitana",2024-08-03
732,"Alexander Gomez",F,59,"Lima Metropolitana",2023-11-03
733,"Kyle Nguyen",M,29,Trujillo,2025-02-19
734,"Edgar Hughes",F,67,Arequipa,2024-10-29
735,"Steven Stein",F,61,"Lima Metropolitana",2023-06-20
736,"Laura Jackson",M,47,Cusco,2024-01-23
737,"Charles Turner",F,62,Chiclayo,2025-01-01
738,"Arthur Hamilton MD",F,48,Chiclayo,2023-12-31
739,"Mr. David Wright",F,58,Chiclayo,2023-08-29
740,"Linda Gonzalez",F,29,Trujillo,2023-07-06
741,"Eric Rush",F,69,Cusco,2024-02-14
742,"Manuel Brock",M,26,"Lima Metropolitana",2024-02-13
743,"George Ochoa",M,22,Cusco,2024-03-28
744,"Valerie Taylor",F,63,Trujillo,2023-11-06
745,"Travis Harris",F,67,Trujillo,2025-01-17
746,"Vincent Novak",F,47,Arequipa,2024-02-02
747,"Michael Henry",F,20,Cusco,2024-09-25
748,"Dana Bennett",F,36,Chiclayo,2025-01-28
749,"Jenna Wilson",M,30,Trujillo,2024-04-14
750,"Leslie Gardner",F,20,Trujillo,2024-12-20
751,"Krista Benton",M,68,Arequipa,2024-03-01
752,"Michael Gonzales",F,30,Chiclayo,2024-08-24
753,"Michael Fuentes",F,20,Trujillo,2025-02-25
754,"Jennifer Porter",F,38,"Lima Metropolitana",2024-12-17
755,"Dana Hopkins",M,37,Chiclayo,2023-08-16
756,"Rachel Jones",F,50,Cusco,2023-07-05
757,"Karen Morales DDS",M,43,Arequipa,2023-07-20
758,"Melissa Stephens",F,70,"Lima Metropolitana",2024-09-30
759,"Heather Woodard",F,52,"Lima Metropolitana",2024-10-24
760,"Margaret Miller",M,48,Cusco,2023-05-24
761,"Mary Kelly",M,34,Arequipa,2025-01-23
762,"Amanda Terrell",F,20,Trujillo,2023-08-10
763,"Jennifer Goodwin",F,66,Arequipa,2023-06-28
764,"Jessica Smith",F,59,Trujillo,2024-02-26
765,"Jorge Stone",M,30,Cusco,2025-03-16
766,"Laura Griffin",M,36,Cusco,2024-07-10
767,"Raymond Chapman",F,40,"Lima Metropolitana",2024-04-17
768,"Haley Johnson",M,67,"Lima Metropolitana",2024-12-22
769,"Jason Nixon",F,21,"Lima Metropolitana",2024-06-23
770,"Todd Thomas",F,59,Cusco,2024-09-16
771,"Jesse Clark",F,39,Trujillo,2024-03-14
772,"Mr. Jeffrey Horton",M,35,Cusco,2023-08-27
773,"Eric Patrick",M,25,Cusco,2024-07-26
774,"Samuel Wong",M,69,"Lima Metropolitana",2024-01-28
775,"Carly Riggs",M,41,Arequipa,2024-12-04
776,"Christopher Moore",F,45,"Lima Metropolitana",2024-01-12
777,"Tina Hall",M,43,Arequipa,2024-07-26
778,"Cody Davidson",F,65,Trujillo,2023-05-01
779,"Allen Mendez",M,46,Trujillo,2025-02-06
780,"Kevin Price",M,42,Chiclayo,2024-09-21
781,"Christine Goodwin",M,39,Chiclayo,2025-02-20
782,"Amy Garcia",F,29,Chiclayo,2025-01-19
783,"Chelsea Nguyen",M,49,Trujillo,2024-10-24
784,"Dennis Huffman",M,62,"Lima Metropolitana",2025-03-01
785,"Margaret Harper",F,49,"Lima Metropolitana",2023-07-19
786,"Laurie Bailey",F,41,"Lima Metropolitana",2024-04-18
787,"Lisa Cervantes",F,69,Cusco,2025-03-23
788,"Elizabeth Mendez",F,51,Chiclayo,2024-04-22
789,"Cesar Wilson",F,35,"Lima Metropolitana",2023-07-05
790,"Clayton Steele",F,69,Chiclayo,2025-02-26
791,"Jennifer Taylor",M,23,Chiclayo,2024-02-22
792,"Cody Reid",F,64,Cusco,2024-03-16
793,"Maria Cooke",M,45,Trujillo,2023-05-14
794,"Katherine Taylor",F,23,"Lima Metropolitana",2023-05-28
795,"Jerry Brown",M,45,Cusco,2023-10-29
796,"Adam Taylor",M,56,Trujillo,2024-08-29
797,"Tracey Wagner",M,70,Trujillo,2023-12-09
798,"Michael Perry PhD",F,29,"Lima Metropolitana",2023-04-18
799,"Bradley Johnson DDS",F,52,Chiclayo,2024-10-07
800,"Donald Medina",F,36,Arequipa,2025-02-11
801,"Jim Newton",F,38,Chiclayo,2024-09-16
802,"Krista Wilson",M,24,Chiclayo,2024-05-20
803,"Reginald Morrow",F,23,Arequipa,2024-11-25
804,"Rodney Williams",F,38,Trujillo,2024-11-06
805,"Kimberly Fritz",F,60,Arequipa,2024-06-29
806,"Ronald Potter",M,36,Arequipa,2024-10-22
807,"Zachary Cole",F,37,Cusco,2024-06-20
808,"Robert Gonzales",F,46,Cusco,2023-09-29
809,"Patricia Young PhD",F,56,Cusco,2024-09-10
810,"Heather Page",F,63,Trujillo,2025-02-15
811,"Carol Taylor",F,45,Arequipa,2023-12-27
812,"Daniel Brown",F,28,"Lima Metropolitana",2024-05-16
813,"Douglas Ryan",F,62,Arequipa,2024-05-19
814,"Michael Roberts",M,46,Trujillo,2024-09-24
815,"Scott Duke",M,40,Cusco,2024-10-04
816,"Anna Estes",F,46,Trujillo,2024-08-01
817,"Tamara Riddle",M,20,Cusco,2023-06-21
818,"Beth Cline",F,64,Trujillo,2024-03-10
819,"Michael Poole",M,40,"Lima Metropolitana",2024-09-03
820,"Megan Burns",F,57,Cusco,2024-10-24
821,"Debra Perry",F,45,Cusco,2023-10-19
822,"Mark Beard",F,35,Arequipa,2024-04-17
823,"Jose Ramirez",F,58,Trujillo,2024-01-02
824,"Jackie Clements",M,68,Chiclayo,2024-09-05
825,"Aaron Schroeder",F,21,Chiclayo,2024-09-15
826,"Monica Ellis",M,22,Arequipa,2024-08-19
827,"Heather Brown",M,60,Trujillo,2024-02-01
828,"Claudia Jordan",F,58,"Lima Metropolitana",2023-08-02
829,"Derrick Clayton",M,43,Arequipa,2025-01-19
830,"Kenneth Knight",F,41,Cusco,2025-01-09
831,"Mr. Michael Williams",M,50,"Lima Metropolitana",2024-06-15
832,"Richard Stevens",F,69,Trujillo,2025-03-01
833,"Scott Alexander",M,65,Cusco,2024-07-28
834,"Tyler Harris",M,61,Chiclayo,2023-05-21
835,"Bonnie Santos",F,28,Trujillo,2023-04-18
836,"Timothy Hill",M,19,Cusco,2024-08-20
837,"Danielle Watson",M,27,Trujillo,2025-04-03
838,"Carol Sanders",F,56,Cusco,2023-08-08
839,"Michael Young",F,61,Trujillo,2024-05-05
840,"Michele Smith",F,68,Chiclayo,2025-01-27
841,"Casey Perez",F,46,Arequipa,2024-04-07
842,"Alexandra Dominguez",M,20,Cusco,2025-01-29
843,"Virginia Henderson",F,26,Cusco,2024-04-28
844,"Benjamin Reyes",F,22,Chiclayo,2025-02-12
845,"Ashley Edwards",F,33,Arequipa,2023-08-15
846,"Breanna Ayala",F,67,Trujillo,2023-06-06
847,"Brandi Haney",M,59,Cusco,2024-11-12
848,"Joseph Smith",M,41,Arequipa,2024-04-24
849,"Jessica Bowen",M,41,Trujillo,2023-12-14
850,"Brittany Jenkins",F,42,Cusco,2023-10-13
851,"Shannon Miller",M,54,Cusco,2023-12-22
852,"Paul Lawrence",M,20,Trujillo,2023-11-11
853,"Victor Edwards",F,56,Chiclayo,2023-05-18
854,"Donald Miller",M,27,Arequipa,2024-05-06
855,"Lindsay Lawson",M,61,Cusco,2023-09-28
856,"Melissa Abbott",F,46,Trujillo,2024-06-09
857,"Elizabeth Holmes",M,41,Cusco,2024-08-20
858,"Nicole Phillips",F,41,Trujillo,2024-01-28
859,"Steven Blevins",M,46,Cusco,2024-02-16
860,"Brian Porter MD",M,66,"Lima Metropolitana",2025-01-02
861,"Vanessa Hatfield",F,22,Chiclayo,2023-10-08
862,"Bonnie Valencia",M,54,Arequipa,2023-06-09
863,"Holly Vega",F,26,Chiclayo,2024-03-30
864,"Tiffany Townsend",F,51,Chiclayo,2024-03-19
865,"Austin Baker",F,41,Arequipa,2024-12-21
866,"Antonio Mccormick",F,43,Chiclayo,2024-06-27
867,"Lori Mason",M,38,"Lima Metropolitana",2024-03-22
868,"Michael Miller",M,59,Trujillo,2023-06-16
869,"Lisa Ramirez",F,35,Arequipa,2025-02-02
870,"Jorge Harris",M,33,Trujillo,2024-04-30
871,"Kimberly Myers",M,25,Cusco,2024-03-21
872,"Sandra Becker",M,19,"Lima Metropolitana",2023-12-10
873,"Michael Blair",M,65,Trujillo,2023-07-10
874,"Amy Miller",F,29,Trujillo,2024-04-29
875,"Jesse Lynch",M,49,Arequipa,2024-11-07
876,"Patrick Yang",F,51,Cusco,2024-08-28
877,"Michael Miles",M,42,Arequipa,2023-04-22
878,"Troy Mills",M,53,Cusco,2023-06-27
879,"Michelle Jackson",F,25,Arequipa,2024-02-16
880,"Richard Adams",F,34,Trujillo,2024-02-23
881,"Patricia Johnson",F,67,Trujillo,2023-05-06
882,"Denise Brown",F,34,"Lima Metropolitana",2024-06-14
883,"Laura Jones",M,63,Trujillo,2024-06-08
884,"Ian Porter",F,46,Chiclayo,2023-04-09
885,"Holly Scott",F,31,Trujillo,2025-01-09
886,"Kenneth Sharp",M,57,Chiclayo,2023-06-18
887,"Jordan Williams",M,36,Trujillo,2024-12-13
888,"Dana Ruiz",F,62,Chiclayo,2024-07-21
889,"Chris Velazquez",F,49,Chiclayo,2024-08-01
890,"Kristen Sloan",F,30,Trujillo,2024-08-16
891,"Jennifer Morris",F,25,Chiclayo,2023-12-01
892,"Nathan Nelson",F,26,"Lima Metropolitana",2025-02-28
893,"Jake Shaw",F,22,Cusco,2024-05-07
894,"Cassie Brock",F,46,Chiclayo,2024-06-18
895,"Dr. Andrea Marshall",M,29,Chiclayo,2023-09-16
896,"Ryan Murphy",F,63,"Lima Metropolitana",2024-08-29
897,"Aimee Gonzalez",F,46,"Lima Metropolitana",2024-09-11
898,"Elizabeth Dean",M,23,Arequipa,2024-03-28
899,"Kevin Snyder",M,69,Cusco,2023-12-29
900,"Christie Mccullough",F,61,Arequipa,2024-01-16
901,"Danielle Smith",F,38,Chiclayo,2025-01-09
902,"David Reed",F,60,"Lima Metropolitana",2023-05-21
903,"Sherry Tapia",F,40,Chiclayo,2025-01-02
904,"Matthew Sweeney",M,63,Trujillo,2023-09-29
905,"Ashley Moreno",F,22,Cusco,2025-01-23
906,"Johnathan Brown",F,53,Trujillo,2024-03-26
907,"Michelle Davis DVM",M,52,"Lima Metropolitana",2023-12-22
908,"Kelly Haynes",M,36,"Lima Metropolitana",2024-06-17
909,"William Miller",F,37,"Lima Metropolitana",2024-11-25
910,"Casey Wilkins",F,28,Cusco,2024-08-02
911,"Keith Graham",M,63,Arequipa,2024-07-17
912,"Cynthia Green",F,63,Chiclayo,2024-04-10
913,"Robert Haynes",M,62,Chiclayo,2024-10-16
914,"Emily Nelson",M,58,Chiclayo,2024-08-31
915,"Dale Chan",F,29,Chiclayo,2024-01-16
916,"Brittney Martin",M,68,Chiclayo,2024-10-16
917,"Jason Herrera",M,41,Arequipa,2024-03-25
918,"Christine Parker",M,50,Trujillo,2023-07-06
919,"Bryan Moore",F,32,Cusco,2023-06-23
920,"Samantha Terry",F,25,Trujillo,2024-11-18
921,"Russell Murphy",M,30,Trujillo,2024-09-01
922,"David Kelly",F,68,Chiclayo,2023-09-28
923,"Megan Green",M,26,Chiclayo,2023-04-10
924,"Amanda Sullivan MD",M,33,Arequipa,2023-12-30
925,"Danielle Murray",F,68,Cusco,2024-01-09
926,"Brenda Smith",F,49,"Lima Metropolitana",2025-01-12
927,"Vickie Anderson",F,19,Trujillo,2024-08-13
928,"Jacqueline Mccoy",M,41,"Lima Metropolitana",2024-12-20
929,"Lauren Green",M,53,Cusco,2023-11-21
930,"Alison Brown",M,54,Trujillo,2024-06-07
931,"Jill Anderson",F,41,"Lima Metropolitana",2024-05-18
932,"Sandra Rivera",F,47,"Lima Metropolitana",2024-01-24
933,"Joel Jackson",M,69,Arequipa,2024-10-05
934,"Samantha Foster",F,53,Cusco,2023-06-30
935,"Michael Thompson",F,26,Cusco,2023-05-14
936,"Cody Ramirez",F,57,Cusco,2025-03-05
937,"Amanda Harvey",F,23,Trujillo,2023-08-14
938,"Edward Jenkins",M,22,Arequipa,2024-04-25
939,"Amy Ramirez",F,37,Chiclayo,2023-07-27
940,"Curtis Wilkerson",M,43,Trujillo,2025-01-06
941,"Lydia Pham",M,63,Cusco,2024-10-16
942,"Virginia Casey",M,64,Trujillo,2024-11-05
943,"Joshua Washington",F,48,"Lima Metropolitana",2024-10-20
944,"Kathryn Price",F,51,Trujillo,2024-02-20
945,"Francis Robinson",M,44,Trujillo,2023-07-01
946,"Paula Brown",F,67,Cusco,2023-10-23
947,"Kendra Wang DVM",M,44,"Lima Metropolitana",2024-07-26
948,"Ariel Sandoval",F,70,Cusco,2023-09-08
949,"Robert Stark",M,54,"Lima Metropolitana",2023-09-01
950,"Zachary Robinson",F,22,"Lima Metropolitana",2023-07-11
951,"Rebecca Kelly",F,26,"Lima Metropolitana",2025-03-31
952,"Sarah Thompson",F,38,Cusco,2025-01-29
953,"Renee Wolfe",F,59,"Lima Metropolitana",2024-02-08
954,"Alyssa Haynes",F,22,Arequipa,2023-09-23
955,"Kristy Hart",M,46,Arequipa,2024-03-28
956,"William Keith",M,47,Chiclayo,2025-01-08
957,"Eric Henry Jr.",F,61,Arequipa,2024-12-05
958,"Daniel Fox",M,51,Chiclayo,2023-09-04
959,"Thomas Harris",F,40,Arequipa,2024-10-16
960,"Mitchell Sellers",M,26,Cusco,2023-12-27
961,"Erica Johnson",M,67,Chiclayo,2023-07-01
962,"Sylvia Schroeder",F,53,Trujillo,2024-11-17
963,"Shannon Yu",F,58,Trujillo,2024-02-24
964,"Tom Foster",F,55,Arequipa,2023-05-15
965,"Eric Taylor",M,29,Trujillo,2025-03-28
966,"Travis Conner",M,67,Arequipa,2024-08-12
967,"Marie Thompson",M,26,Arequipa,2025-01-18
968,"Melissa Mcfarland",M,45,Trujillo,2024-09-12
969,"Courtney Chapman",F,50,Trujillo,2024-07-09
970,"Eric Barker",F,21,"Lima Metropolitana",2023-07-13
971,"Nicholas Rush",M,25,Chiclayo,2024-11-28
972,"Jenna Gamble",M,51,Arequipa,2025-03-01
973,"Amanda Guzman",M,27,Trujillo,2024-03-23
974,"Tracy Walker",M,37,Chiclayo,2024-03-29
975,"Taylor Taylor",F,28,Trujillo,2024-09-01
976,"Cynthia Haas",F,28,Trujillo,2024-07-09
977,"Stephen Davis",F,38,"Lima Metropolitana",2024-05-04
978,"Margaret Tanner",F,63,Arequipa,2023-07-22
979,"Derek Wright",M,32,Arequipa,2024-04-30
980,"David Rodriguez",F,40,Cusco,2023-04-12
981,"James Oconnor",M,51,"Lima Metropolitana",2024-05-24
982,"Stacey Snyder",F,36,Chiclayo,2024-10-31
983,"Joshua Garcia",F,23,"Lima Metropolitana",2023-05-16
984,"Sean Curtis",F,34,Chiclayo,2024-06-11
985,"Carla Jones",M,30,Arequipa,2025-04-04
986,"Elizabeth Flores",F,58,Cusco,2024-03-10
987,"Angela Jackson",M,53,Cusco,2025-01-19
988,"Nicholas Payne",F,35,Arequipa,2024-07-06
989,"Anna Wheeler",F,26,Trujillo,2024-04-18
990,"Karen Johnson",M,58,"Lima Metropolitana",2025-03-26
991,"Carmen Preston",F,37,Cusco,2024-05-07
992,"Brian Harris",M,57,Trujillo,2024-12-05
993,"Michael Bowen",F,52,Chiclayo,2025-03-24
994,"Deborah Campbell",F,23,Cusco,2025-03-15
995,"Anthony Armstrong",M,50,Chiclayo,2023-08-24
996,"Brittany Ward",F,59,Trujillo,2024-09-27
997,"Edward Stanley",F,28,Chiclayo,2024-07-01
998,"Christina Johnson",M,55,Trujillo,2023-08-21
999,"Edgar Miller",M,55,Chiclayo,2024-10-27
1000,"Elizabeth Sanders",F,27,"Lima Metropolitana",2025-01-01
