interaction_id,cliente_id,canal_id,product_id,campaign_id,dispositivo_id,region_id,tiempo_id,clics,conversiones,ingresos_generados,duracion_sesion
1,487,5,7,12,3,2,187,3,1,45.25,342
2,256,8,2,5,1,4,92,5,0,0.00,215
3,112,3,9,14,4,1,156,1,1,78.50,478
4,398,1,4,7,2,3,231,2,0,0.00,123
5,45,10,6,3,5,2,47,4,1,32.75,289
6,324,7,1,11,3,4,198,0,0,0.00,56
7,199,2,8,6,1,1,112,3,0,0.00,187
8,76,4,3,9,4,3,75,2,1,54.30,321
9,412,9,5,2,2,2,224,5,0,0.00,142
10,288,6,7,13,5,4,39,1,1,67.80,412
11,53,1,2,4,3,1,167,4,0,0.00,98
12,376,8,9,8,1,3,201,2,1,23.45,276
13,141,5,4,10,4,2,118,3,0,0.00,154
14,467,3,6,1,2,4,62,1,1,89.90,498
15,92,7,1,14,5,1,235,5,0,0.00,201
16,305,2,8,7,3,3,83,0,0,0.00,67
17,178,10,3,5,1,2,176,2,1,41.20,334
18,421,4,5,12,4,4,129,3,0,0.00,112
19,64,9,7,6,2,1,42,4,1,76.35,387
20,342,6,2,3,5,3,213,1,0,0.00,89
21,127,1,9,11,3,2,97,5,1,58.60,421
22,489,8,4,9,1,4,158,2,0,0.00,134
23,233,3,6,2,4,1,71,3,1,34.75,256
24,156,7,1,13,2,3,204,1,0,0.00,76
25,407,5,8,10,5,2,117,4,1,65.40,368
26,88,2,3,4,3,4,189,2,0,0.00,143
27,371,10,5,14,1,1,53,3,1,47.85,297
28,214,4,7,7,4,3,226,5,0,0.00,198
29,95,9,2,5,2,2,81,1,1,82.10,439
30,263,6,9,12,5,4,132,2,0,0.00,87
31,142,1,4,3,3,1,165,3,1,29.95,312
32,428,8,6,8,1,3,108,4,0,0.00,124
33,177,3,1,11,4,2,237,1,1,71.25,453
34,496,7,8,6,2,4,64,5,0,0.00,109
35,321,2,3,13,5,1,193,2,1,53.70,345
36,84,10,5,9,3,3,126,3,0,0.00,167
37,359,4,7,2,1,2,49,1,1,64.80,401
38,205,9,2,10,4,4,218,4,0,0.00,132
39,73,6,9,4,2,1,91,2,1,38.45,278
40,412,1,4,14,5,3,152,3,0,0.00,113
41,298,8,6,7,3,2,35,5,1,56.90,382
42,135,3,1,5,1,4,174,1,0,0.00,78
43,467,7,8,12,4,1,227,2,1,43.15,326
44,186,5,3,3,2,3,100,3,0,0.00,145
45,423,2,5,8,5,2,61,4,1,79.60,467
46,97,10,7,11,3,4,209,1,0,0.00,94
47,354,4,2,6,1,1,138,5,1,31.75,253
48,221,9,9,13,4,3,72,2,0,0.00,116
49,68,6,4,9,2,2,185,3,1,67.30,394
50,387,1,6,2,5,4,43,1,0,0.00,65
51,244,8,1,10,3,1,216,4,1,52.45,337
52,113,3,8,4,1,3,119,2,0,0.00,127
53,472,7,3,14,4,2,58,3,1,74.85,419
54,159,5,5,7,2,4,191,5,0,0.00,176
55,326,2,7,5,5,1,104,1,1,36.20,284
56,82,10,2,12,3,3,233,2,0,0.00,98
57,441,4,9,3,1,2,77,3,1,61.50,356
58,227,9,4,8,4,4,162,4,0,0.00,134
59,54,6,6,11,2,1,31,1,1,48.75,298
60,398,1,1,6,5,3,206,5,0,0.00,187
61,275,8,8,13,3,2,141,2,1,83.40,476
62,124,3,3,9,1,4,84,3,0,0.00,112
63,463,7,5,2,4,1,229,1,1,57.25,408
64,192,5,7,10,2,3,106,4,0,0.00,123
65,341,2,2,4,5,2,183,2,1,42.90,327
66,79,10,9,14,3,4,55,3,0,0.00,89
67,428,4,4,7,1,1,168,5,1,69.80,442
68,217,9,6,5,4,3,121,1,0,0.00,76
69,63,6,1,12,2,2,194,2,1,35.15,265
70,485,1,8,3,5,4,37,3,0,0.00,104
71,336,8,3,8,3,1,222,4,1,73.60,389
72,148,3,5,11,1,3,93,1,0,0.00,68
73,479,7,7,6,4,2,236,5,1,46.30,351
74,165,5,2,13,2,4,79,2,0,0.00,117
75,432,2,9,9,5,1,148,3,1,59.45,413
76,91,10,4,4,3,3,207,1,0,0.00,82
77,368,4,6,14,1,2,50,4,1,81.20,492
78,239,9,1,7,4,4,175,2,0,0.00,136
79,57,6,8,5,2,1,128,3,1,37.85,274
80,413,1,3,12,5,3,65,5,0,0.00,158
81,284,8,5,3,3,2,210,1,1,68.70,425
82,137,3,7,8,1,4,111,2,0,0.00,97
83,496,7,2,11,4,1,38,3,1,53.40,362
84,173,5,9,6,2,3,186,4,0,0.00,124
85,347,2,4,13,5,2,103,1,1,76.25,448
86,86,10,6,9,3,4,220,5,0,0.00,179
87,451,4,1,2,1,1,143,2,1,44.90,316
88,223,9,8,10,4,3,86,3,0,0.00,108
89,62,6,3,4,2,2,197,1,1,62.35,378
90,394,1,5,14,5,4,51,4,0,0.00,132
91,271,8,7,7,3,1,170,2,1,39.50,293
92,126,3,2,5,1,3,125,3,0,0.00,114
93,487,7,9,12,4,2,238,5,1,85.60,487
94,181,5,4,3,2,4,80,1,0,0.00,73
95,438,2,6,8,5,1,149,2,1,57.15,364
96,99,10,1,11,3,3,208,3,0,0.00,96
97,376,4,8,6,1,2,59,4,1,72.80,432
98,245,9,3,13,4,4,182,1,0,0.00,118
99,58,6,5,9,2,1,131,5,1,48.25,347
100,421,1,7,2,5,3,66,2,0,0.00,87
101,292,8,2,10,3,2,211,3,1,63.90,396
102,139,3,9,4,1,4,114,1,0,0.00,79
103,498,7,4,14,4,1,41,4,1,55.70,358
104,167,5,6,7,2,3,188,2,0,0.00,126
105,353,2,1,5,5,2,105,3,1,78.45,459
106,83,10,8,12,3,4,221,5,0,0.00,184
107,465,4,3,3,1,1,144,1,1,47.30,329
108,225,9,5,8,4,3,87,2,0,0.00,109
109,61,6,7,11,2,2,196,3,1,69.85,417
110,392,1,2,6,5,4,52,4,0,0.00,133
111,273,8,9,13,3,1,171,1,1,41.60,302
112,128,3,4,9,1,3,124,2,0,0.00,115
113,482,7,6,2,4,2,239,3,1,84.75,498
114,183,5,1,10,2,4,78,4,0,0.00,129
115,436,2,8,4,5,1,147,5,1,58.35,376
116,101,10,3,14,3,3,205,1,0,0.00,95
117,374,4,5,7,1,2,57,2,1,71.90,428
118,247,9,7,5,4,4,180,3,0,0.00,119
119,59,6,2,12,2,1,130,4,1,49.45,349
120,419,1,9,3,5,3,63,1,0,0.00,84
121,294,8,4,8,3,2,212,5,1,64.10,398
122,141,3,6,11,1,4,113,2,0,0.00,80
123,499,7,1,6,4,1,40,3,1,56.90,360
124,169,5,8,13,2,3,187,1,0,0.00,125
125,355,2,3,9,5,2,102,4,1,79.65,461
126,85,10,5,2,3,4,219,5,0,0.00,183
127,466,4,7,10,1,1,142,1,1,48.50,331
128,227,9,2,4,4,3,85,2,0,0.00,107
129,60,6,9,14,2,2,195,3,1,70.95,419
130,393,1,4,7,5,4,50,4,0,0.00,131
131,274,8,6,5,3,1,172,5,1,42.80,304
132,129,3,1,12,1,3,123,1,0,0.00,114
133,483,7,8,3,4,2,237,2,1,85.85,496
134,184,5,3,8,2,4,77,3,0,0.00,128
135,437,2,5,11,5,1,146,4,1,59.55,378
136,102,10,7,6,3,3,204,5,0,0.00,94
137,375,4,2,13,1,2,56,1,1,73.10,430
138,248,9,9,9,4,4,179,2,0,0.00,118
139,58,6,4,2,2,1,129,3,1,50.65,351
140,418,1,6,10,5,3,62,4,0,0.00,83
141,295,8,1,4,3,2,213,5,1,65.30,400
142,142,3,8,14,1,4,112,1,0,0.00,79
143,500,7,3,7,4,1,39,2,1,58.10,362
144,170,5,5,5,2,3,186,3,0,0.00,124
145,356,2,7,12,5,2,101,4,1,80.85,463
146,84,10,9,3,3,4,218,5,0,0.00,182
147,467,4,4,8,1,1,141,1,1,49.70,333
148,228,9,6,11,4,3,84,2,0,0.00,106
149,59,6,2,6,2,2,194,3,1,72.15,421
150,394,1,9,13,5,4,49,4,0,0.00,130
151,275,8,5,9,3,1,173,5,1,44.00,306
152,130,3,7,2,1,3,122,1,0,0.00,113
153,484,7,1,10,4,2,236,2,1,87.05,494
154,185,5,8,4,2,4,76,3,0,0.00,127
155,438,2,3,14,5,1,145,4,1,60.75,380
156,103,10,5,7,3,3,203,5,0,0.00,93
157,376,4,9,5,1,2,55,1,1,74.30,432
158,249,9,4,12,4,4,178,2,0,0.00,117
159,57,6,6,3,2,1,128,3,1,51.85,353
160,417,1,2,8,5,3,61,4,0,0.00,82
161,296,8,7,11,3,2,214,5,1,66.50,402
162,143,3,9,6,1,4,111,1,0,0.00,78
163,498,7,5,13,4,1,38,2,1,59.30,364
164,171,5,1,9,2,3,185,3,0,0.00,123
165,357,2,8,1,5,2,100,4,1,82.05,465
166,83,10,3,10,3,4,217,5,0,0.00,181
167,468,4,6,4,1,1,140,1,1,50.90,335
168,229,9,2,14,4,3,83,2,0,0.00,105
169,58,6,9,7,2,2,193,3,1,73.35,423
170,395,1,4,5,5,4,48,4,0,0.00,129
171,276,8,7,12,3,1,174,5,1,45.20,308
172,131,3,2,3,1,3,121,1,0,0.00,112
173,485,7,8,8,4,2,235,2,1,88.25,492
174,186,5,3,11,2,4,75,3,0,0.00,126
175,439,2,5,6,5,1,144,4,1,61.95,382
176,104,10,1,13,3,3,202,5,0,0.00,92
177,377,4,9,2,1,2,54,1,1,75.50,434
178,250,9,6,9,4,4,177,2,0,0.00,116
179,56,6,4,4,2,1,127,3,1,53.05,355
180,416,1,8,10,5,3,60,4,0,0.00,81
181,297,8,3,14,3,2,215,5,1,67.70,404
182,144,3,5,7,1,4,110,1,0,0.00,77
183,497,7,7,5,4,1,37,2,1,60.50,366
184,172,5,2,12,2,3,184,3,0,0.00,122
185,358,2,9,1,5,2,99,4,1,83.25,467
186,82,10,4,8,3,4,216,5,0,0.00,180
187,469,4,6,11,1,1,139,1,1,52.10,337
188,230,9,1,6,4,3,82,2,0,0.00,104
189,57,6,8,13,2,2,192,3,1,74.55,425
190,396,1,5,9,5,4,47,4,0,0.00,128
191,277,8,3,2,3,1,175,5,1,46.40,310
192,132,3,7,10,1,3,120,1,0,0.00,111
193,486,7,9,4,4,2,234,2,1,89.45,490
194,187,5,4,14,2,4,74,3,0,0.00,125
195,440,2,6,3,5,1,143,4,1,63.15,384
196,105,10,2,12,3,3,201,5,0,0.00,91
197,378,4,8,7,1,2,53,1,1,76.70,436
198,251,9,5,8,4,4,176,2,0,0.00,115
199,55,6,7,5,2,1,126,3,1,54.25,357
200,415,1,9,11,5,3,59,4,0,0.00,80
201,298,8,4,6,3,2,216,5,1,68.90,406
202,145,3,6,13,1,4,109,1,0,0.00,76
203,496,7,3,9,4,1,36,2,1,61.70,368
204,173,5,1,1,2,3,183,3,0,0.00,121
205,359,2,8,10,5,2,98,4,1,84.45,469
206,81,10,5,4,3,4,215,5,0,0.00,179
207,470,4,7,14,1,1,138,1,1,53.30,339
208,231,9,2,7,4,3,81,2,0,0.00,103
209,56,6,9,5,2,2,191,3,1,75.75,427
210,397,1,6,12,5,4,46,4,0,0.00,127
211,278,8,4,3,3,1,176,5,1,47.60,312
212,133,3,8,8,1,3,119,1,0,0.00,110
213,487,7,5,11,4,2,233,2,1,90.65,488
214,188,5,7,2,2,4,73,3,0,0.00,124
215,441,2,9,13,5,1,142,4,1,64.35,386
216,106,10,3,9,3,3,200,5,0,0.00,90
217,379,4,6,6,1,2,52,1,1,77.90,438
218,252,9,4,4,4,4,175,2,0,0.00,114
219,54,6,8,14,2,1,125,3,1,55.45,359
220,414,1,5,10,5,3,58,4,0,0.00,79
221,299,8,7,7,3,2,217,5,1,70.10,408
222,146,3,9,5,1,4,108,1,0,0.00,75
223,495,7,4,12,4,1,35,2,1,62.90,370
224,174,5,2,1,2,3,182,3,0,0.00,120
225,360,2,9,8,5,2,97,4,1,85.65,471
226,80,10,6,3,3,4,214,5,0,0.00,178
227,471,4,8,13,1,1,137,1,1,54.50,341
228,232,9,3,6,4,3,80,2,0,0.00,102
229,55,6,5,9,2,2,190,3,1,76.95,429
230,398,1,7,2,5,4,45,4,0,0.00,126
231,279,8,5,10,3,1,177,5,1,48.80,314
232,134,3,9,4,1,3,118,1,0,0.00,109
233,488,7,6,14,4,2,232,2,1,91.85,486
234,189,5,8,7,2,4,72,3,0,0.00,123
235,442,2,4,5,5,1,141,4,1,65.55,388
236,107,10,1,11,3,3,199,5,0,0.00,89
237,380,4,7,3,1,2,51,1,1,79.10,440
238,253,9,5,12,4,4,174,2,0,0.00,113
239,53,6,9,8,2,1,124,3,1,56.65,361
240,413,1,6,6,5,3,57,4,0,0.00,78
241,300,8,8,9,3,2,218,5,1,71.30,410
242,147,3,4,13,1,4,107,1,0,0.00,74
243,494,7,3,1,4,1,34,2,1,64.10,372
244,175,5,1,10,2,3,181,3,0,0.00,119
245,361,2,7,4,5,2,96,4,1,86.85,473
246,79,10,5,2,3,4,213,5,0,0.00,177
247,472,4,9,5,1,1,136,1,1,55.70,343
248,233,9,2,14,4,3,79,2,0,0.00,101
249,54,6,6,7,2,2,189,3,1,78.15,431
250,399,1,8,3,5,4,44,4,0,0.00,125
251,280,8,6,8,3,1,178,5,1,50.00,316
252,135,3,7,11,1,3,117,1,0,0.00,108
253,489,7,5,6,4,2,231,2,1,93.05,484
254,190,5,9,9,2,4,71,3,0,0.00,122
255,443,2,3,12,5,1,140,4,1,66.75,390
256,108,10,1,1,3,3,198,5,0,0.00,88
257,381,4,8,10,1,2,50,1,1,80.30,442
258,254,9,4,4,4,4,173,2,0,0.00,112
259,52,6,7,14,2,1,123,3,1,57.85,363
260,412,1,5,5,5,3,56,4,0,0.00,77
261,301,8,9,7,3,2,219,5,1,72.50,412
262,148,3,2,2,1,4,106,1,0,0.00,73
263,493,7,1,13,4,1,33,2,1,65.30,374
264,176,5,8,8,2,3,180,3,0,0.00,118
265,362,2,6,3,5,2,95,4,1,88.05,475
266,78,10,4,11,3,4,212,5,0,0.00,176
267,473,4,7,6,1,1,135,1,1,56.90,345
268,234,9,3,9,4,3,78,2,0,0.00,100
269,53,6,5,10,2,2,188,3,1,79.35,433
270,400,1,9,1,5,4,43,4,0,0.00,124
271,281,8,7,12,3,1,179,5,1,51.20,318
272,136,3,6,4,1,3,116,1,0,0.00,107
273,490,7,4,14,4,2,230,2,1,94.25,482
274,191,5,8,5,2,4,70,3,0,0.00,121
275,444,2,1,7,5,1,139,4,1,67.95,392
276,109,10,2,13,3,3,197,5,0,0.00,87
277,382,4,9,2,1,2,49,1,1,81.50,444
278,255,9,5,11,4,4,172,2,0,0.00,111
279,51,6,6,6,2,1,122,3,1,59.05,365
280,411,1,7,9,5,3,55,4,0,0.00,76
281,302,8,3,3,3,2,220,5,1,73.70,414
282,149,3,1,10,1,4,105,1,0,0.00,72
283,492,7,8,8,4,1,32,2,1,66.50,376
284,177,5,9,4,2,3,179,3,0,0.00,117
285,363,2,5,12,5,2,94,4,1,89.25,477
286,77,10,3,1,3,4,211,5,0,0.00,175
287,474,4,6,13,1,1,134,1,1,58.10,347
288,235,9,2,7,4,3,77,2,0,0.00,99
289,52,6,4,5,2,2,187,3,1,80.55,435
290,401,1,8,14,5,4,42,4,0,0.00,123
291,282,8,9,6,3,1,180,5,1,52.40,320
292,137,3,5,2,1,3,115,1,0,0.00,106
293,491,7,3,9,4,2,229,2,1,95.45,480
294,192,5,7,11,2,4,69,3,0,0.00,120
295,445,2,1,3,5,1,138,4,1,69.15,394
296,110,10,2,5,3,3,196,5,0,0.00,86
297,383,4,6,10,1,2,48,1,1,82.70,446
298,256,9,4,4,4,4,171,2,0,0.00,110
299,50,6,7,14,2,1,121,3,1,60.25,367
300,410,1,9,7,5,3,54,4,0,0.00,75
